{
  "mode": "baseline",
  "device": "cuda",
  "steps": 20,
  "batch_size": 256,
  "input_dim": 1024,
  "hidden_dim": 2048,
  "num_classes": 1000,
  "num_workers": 2,
  "sleep_ms": 0.0,
  "cpu_transform_depth": 1,
  "micro_ops": 0,
  "pointwise_depth": 0,
  "amp": "none",
  "compile": false,
  "skip_first_steps": 2,
  "average_step_ms": 17.545172251266195,
  "steady_state_step_ms": 3.2021184459962466,
  "step_time_p50_ms": 3.449280502536567,
  "steady_state_samples_per_s": 79947.07388794076,
  "step_times_ms": [
    289.82922899740515,
    3.4360839999862947,
    4.124421000597067,
    3.411894002056215,
    3.30595500417985,
    3.9456970043829642,
    3.486667003016919,
    2.776925997750368,
    2.4271680013043806,
    3.0026789972907864,
    3.550036002707202,
    3.6082740043639205,
    3.6497230030363426,
    3.199022998160217,
    3.5977590014226735,
    3.9065630044206046,
    3.840204000880476,
    2.5530450002406724,
    1.6291299980366603,
    1.6229680040851235
  ],
  "final_loss": 6.930306911468506
}
