{
  "mode": "data",
  "device": "cuda",
  "steps": 12,
  "batch_size": 256,
  "input_dim": 1024,
  "hidden_dim": 2048,
  "num_classes": 1000,
  "num_workers": 8,
  "sleep_ms": 2.0,
  "cpu_transform_depth": 6,
  "micro_ops": 0,
  "pointwise_depth": 0,
  "amp": "none",
  "compile": false,
  "skip_first_steps": 2,
  "average_step_ms": 108.05048816655471,
  "steady_state_step_ms": 43.78810869966401,
  "step_time_p50_ms": 1.6876284971658606,
  "steady_state_samples_per_s": 5846.336085348311,
  "step_times_ms": [
    855.0849530001869,
    3.6398180018295534,
    1.5970140011631884,
    1.6248219981207512,
    1.664983996306546,
    1.6193219998967834,
    2.284132002387196,
    1.5052710004965775,
    420.3984499981743,
    2.721760996792,
    1.7102729980251752,
    2.755058005277533
  ],
  "final_loss": 6.9278178215026855
}
