{
  "mode": "data",
  "device": "cuda",
  "steps": 12,
  "batch_size": 256,
  "input_dim": 1024,
  "hidden_dim": 2048,
  "num_classes": 1000,
  "num_workers": 4,
  "sleep_ms": 2.0,
  "cpu_transform_depth": 6,
  "micro_ops": 0,
  "pointwise_depth": 0,
  "amp": "none",
  "compile": false,
  "skip_first_steps": 2,
  "average_step_ms": 157.98500733277857,
  "steady_state_step_ms": 106.69751219902537,
  "step_time_p50_ms": 1.986171497264877,
  "steady_state_samples_per_s": 2399.306176159733,
  "step_times_ms": [
    825.8438440025202,
    3.001122000569012,
    1.761676001478918,
    1.7280760002904572,
    442.3048909957288,
    2.5072010030271485,
    1.6108639974845573,
    2.4209200055338442,
    609.1249269957189,
    2.036565994785633,
    1.935776999744121,
    1.544223996461369
  ],
  "final_loss": 6.9278178215026855
}
