{
  "mode": "data",
  "device": "cuda",
  "steps": 12,
  "batch_size": 256,
  "input_dim": 1024,
  "hidden_dim": 2048,
  "num_classes": 1000,
  "num_workers": 0,
  "sleep_ms": 2.0,
  "cpu_transform_depth": 6,
  "micro_ops": 0,
  "pointwise_depth": 0,
  "amp": "none",
  "compile": false,
  "skip_first_steps": 2,
  "average_step_ms": 633.7874950835006,
  "steady_state_step_ms": 622.3650772000838,
  "step_time_p50_ms": 620.9545729980164,
  "steady_state_samples_per_s": 411.33413390047707,
  "step_times_ms": [
    746.1976010017679,
    635.6015679994016,
    623.7073380034417,
    628.580113996577,
    623.9091169991298,
    621.209460994578,
    620.1195749963517,
    620.4189500058419,
    620.6996850014548,
    620.5724629980978,
    620.5632210039767,
    623.8708480013884
  ],
  "final_loss": 6.9278178215026855
}
