{
  "mode": "kernel",
  "device": "cuda",
  "steps": 12,
  "batch_size": 512,
  "input_dim": 1024,
  "hidden_dim": 4096,
  "num_classes": 1000,
  "num_workers": 2,
  "sleep_ms": 0.0,
  "cpu_transform_depth": 1,
  "micro_ops": 0,
  "pointwise_depth": 8,
  "amp": "bf16",
  "compile": false,
  "skip_first_steps": 2,
  "average_step_ms": 28.361317417875398,
  "steady_state_step_ms": 4.6745220010052435,
  "step_time_p50_ms": 3.816737502347678,
  "steady_state_samples_per_s": 109529.91554856214,
  "step_times_ms": [
    286.91350200097077,
    6.677087003481574,
    3.1235720016411506,
    5.255930002022069,
    4.538244000286795,
    2.79663300170796,
    2.6169880002271384,
    6.714208000630606,
    2.8249370006960817,
    11.808230003225617,
    4.509903003054205,
    2.556574996560812
  ],
  "final_loss": 7.1422119140625
}
