{
  "mode": "kernel",
  "device": "cuda",
  "steps": 12,
  "batch_size": 512,
  "input_dim": 1024,
  "hidden_dim": 4096,
  "num_classes": 1000,
  "num_workers": 2,
  "sleep_ms": 0.0,
  "cpu_transform_depth": 1,
  "micro_ops": 0,
  "pointwise_depth": 8,
  "amp": "none",
  "compile": false,
  "skip_first_steps": 2,
  "average_step_ms": 21.489299750101054,
  "steady_state_step_ms": 4.491082599997753,
  "step_time_p50_ms": 3.9342784984910395,
  "steady_state_samples_per_s": 114003.69256184604,
  "step_times_ms": [
    205.6871160020819,
    7.273654999153223,
    4.167147999396548,
    3.0161429967847653,
    7.54107999819098,
    3.268746004323475,
    4.004422000434715,
    3.003334000823088,
    4.112987000553403,
    3.8641349965473637,
    2.7509940046002157,
    9.181836998322979
  ],
  "final_loss": 7.142707347869873
}
