{
  "mode": "torch",
  "device": "cuda",
  "steps": 20,
  "batch_size": 1024,
  "input_dim": 1024,
  "hidden_dim": 1024,
  "num_classes": 1000,
  "num_workers": 2,
  "sleep_ms": 0.0,
  "cpu_transform_depth": 1,
  "micro_ops": 48,
  "pointwise_depth": 0,
  "amp": "none",
  "compile": false,
  "skip_first_steps": 2,
  "average_step_ms": 23.594018851508736,
  "steady_state_step_ms": 9.559415779222036,
  "step_time_p50_ms": 8.456016003037803,
  "steady_state_samples_per_s": 107119.5168878129,
  "step_times_ms": [
    291.65487900172593,
    8.156014002452139,
    8.657697006128728,
    7.464643997082021,
    9.374086999741849,
    6.658771002548747,
    16.426601003331598,
    8.925624999392312,
    9.868717002973426,
    15.303054002288263,
    7.277177996002138,
    22.605064004892483,
    6.391597999026999,
    9.183689006022178,
    6.7235359965707175,
    9.864522005955223,
    7.1790630026953295,
    8.254334999946877,
    6.013054000504781,
    5.898249000892974
  ],
  "final_loss": 7.172086715698242
}
