{
  "mode": "torch",
  "device": "cuda",
  "steps": 20,
  "batch_size": 256,
  "input_dim": 1024,
  "hidden_dim": 1024,
  "num_classes": 1000,
  "num_workers": 2,
  "sleep_ms": 0.0,
  "cpu_transform_depth": 1,
  "micro_ops": 48,
  "pointwise_depth": 0,
  "amp": "none",
  "compile": false,
  "skip_first_steps": 2,
  "average_step_ms": 19.496691099993768,
  "steady_state_step_ms": 6.135556389280181,
  "step_time_p50_ms": 6.1568450000777375,
  "steady_state_samples_per_s": 41724.00736912366,
  "step_times_ms": [
    271.4436529931845,
    8.050153999647591,
    5.333105997124221,
    8.010536002984736,
    5.738107000070158,
    6.784901997889392,
    5.607704995782115,
    7.302276004338637,
    6.21253700228408,
    6.325524998828769,
    6.327356000838336,
    5.754354999226052,
    6.778543000109494,
    5.153848003828898,
    7.101007999153808,
    6.363279004290234,
    6.101152997871395,
    6.068564995075576,
    4.685935004090425,
    4.791279003256932
  ],
  "final_loss": 7.387404441833496
}
