{
  "strategy": "sample",
  "length_mode": "fixed",
  "world_size": 4,
  "batch_size": 8,
  "max_tokens_per_batch": 1024,
  "slowest_rank": 1,
  "slowest_step_ms": 16.321364399482263,
  "global_useful_tokens_per_s": 250959.41121993028,
  "global_padded_tokens_per_s": 250959.41121993028,
  "average_padding_ratio": 0.0,
  "average_rank_time_skew_ms": 1.468968101835344,
  "average_rank_token_spread": 0,
  "per_rank_step_ms": {
    "0": 16.310485499707283,
    "1": 16.321364399482263,
    "2": 16.24861749878619,
    "3": 16.244919001474045
  },
  "per_rank_data_ms": {
    "0": 0.13504220041795634,
    "1": 0.14627339915023185,
    "2": 0.14235310081858188,
    "3": 0.17242330068256706
  },
  "per_rank_compute_ms": {
    "0": 16.17520789950504,
    "1": 16.174854499695357,
    "2": 16.1058926001715,
    "3": 16.072243800590513
  },
  "per_rank_useful_tokens": {
    "0": 1024,
    "1": 1024,
    "2": 1024,
    "3": 1024
  },
  "per_rank_padded_tokens": {
    "0": 1024,
    "1": 1024,
    "2": 1024,
    "3": 1024
  },
  "per_rank_padding_ratio": {
    "0": 0.0,
    "1": 0.0,
    "2": 0.0,
    "3": 0.0
  },
  "per_rank_sample_count": {
    "0": 8,
    "1": 8,
    "2": 8,
    "3": 8
  },
  "rank_summaries": [
    {
      "rank": 0,
      "world_size": 4,
      "strategy": "sample",
      "length_mode": "fixed",
      "batch_size": 8,
      "max_tokens_per_batch": 1024,
      "step_times_ms": [
        115.24382900097407,
        20.020766998641193,
        18.738544000370894,
        15.815131999261212,
        15.590731003612746,
        16.154944998561405,
        16.587530000833794,
        16.851132997544482,
        14.551949003362097,
        16.600554998149164,
        16.779339995991904,
        15.434995999385137
      ],
      "data_wait_ms": [
        0.21623199427267537,
        0.11653600085992366,
        0.14251899847295135,
        0.09938800212694332,
        0.11905500286957249,
        0.14274999557528645,
        0.13832800323143601,
        0.15270600124495104,
        0.11474300117697567,
        0.12764699931722134,
        0.2086079985019751,
        0.10467800166225061
      ],
      "compute_ms": [
        115.02720100543229,
        19.903779997548554,
        18.595541005197447,
        15.7155349952518,
        15.471500002604444,
        16.012029998819344,
        16.44903700071154,
        16.698097002517898,
        14.43705199926626,
        16.472732000693213,
        16.570456995395944,
        15.330097994592506
      ],
      "useful_tokens_per_step": [
        1024,
        1024,
        1024,
        1024,
        1024,
        1024,
        1024,
        1024,
        1024,
        1024,
        1024,
        1024
      ],
      "padded_tokens_per_step": [
        1024,
        1024,
        1024,
        1024,
        1024,
        1024,
        1024,
        1024,
        1024,
        1024,
        1024,
        1024
      ],
      "sample_counts_per_step": [
        8,
        8,
        8,
        8,
        8,
        8,
        8,
        8,
        8,
        8,
        8,
        8
      ],
      "max_seq_len_per_step": [
        128,
        128,
        128,
        128,
        128,
        128,
        128,
        128,
        128,
        128,
        128,
        128
      ],
      "padding_ratio_per_step": [
        0.0,
        0.0,
        0.0,
        0.0,
        0.0,
        0.0,
        0.0,
        0.0,
        0.0,
        0.0,
        0.0,
        0.0
      ],
      "final_loss": 2.780639171600342
    },
    {
      "rank": 1,
      "world_size": 4,
      "strategy": "sample",
      "length_mode": "fixed",
      "batch_size": 8,
      "max_tokens_per_batch": 1024,
      "step_times_ms": [
        113.55481899954611,
        21.065758002805524,
        18.457309997756965,
        15.66105599340517,
        16.332510000211187,
        16.193055002077017,
        15.531363998888992,
        17.39956000528764,
        14.30255900049815,
        16.767822999099735,
        16.294036999170203,
        16.274369998427574
      ],
      "data_wait_ms": [
        0.15876600082265213,
        0.1369419987895526,
        0.1056019973475486,
        0.0962959966273047,
        0.21815699437865987,
        0.11959399853367358,
        0.10718599514802918,
        0.19165699632139876,
        0.11420399823691696,
        0.2105670064338483,
        0.10924300295300782,
        0.19022800552193075
      ],
      "compute_ms": [
        113.395701002446,
        20.92859600088559,
        18.35142199706752,
        15.564583998639137,
        16.11417700041784,
        16.073186001449358,
        15.424035002070013,
        17.20735300477827,
        14.188179004122503,
        16.557024995563552,
        16.184639993298333,
        16.083943999547046
      ],
      "useful_tokens_per_step": [
        1024,
        1024,
        1024,
        1024,
        1024,
        1024,
        1024,
        1024,
        1024,
        1024,
        1024,
        1024
      ],
      "padded_tokens_per_step": [
        1024,
        1024,
        1024,
        1024,
        1024,
        1024,
        1024,
        1024,
        1024,
        1024,
        1024,
        1024
      ],
      "sample_counts_per_step": [
        8,
        8,
        8,
        8,
        8,
        8,
        8,
        8,
        8,
        8,
        8,
        8
      ],
      "max_seq_len_per_step": [
        128,
        128,
        128,
        128,
        128,
        128,
        128,
        128,
        128,
        128,
        128,
        128
      ],
      "padding_ratio_per_step": [
        0.0,
        0.0,
        0.0,
        0.0,
        0.0,
        0.0,
        0.0,
        0.0,
        0.0,
        0.0,
        0.0,
        0.0
      ],
      "final_loss": 2.849637985229492
    },
    {
      "rank": 2,
      "world_size": 4,
      "strategy": "sample",
      "length_mode": "fixed",
      "batch_size": 8,
      "max_tokens_per_batch": 1024,
      "step_times_ms": [
        115.99364300491288,
        19.35072799824411,
        18.25738100160379,
        15.886830995441414,
        15.325421998568345,
        16.72837600199273,
        17.016131998389028,
        15.711261999967974,
        16.543027995794546,
        15.531808996456675,
        16.438421000202652,
        15.047512999444734
      ],
      "data_wait_ms": [
        0.2559650019975379,
        0.10089400166179985,
        0.10409500100649893,
        0.17424399993615225,
        0.18484800239093602,
        0.22758400154998526,
        0.13841599866282195,
        0.1392190024489537,
        0.13439000031212345,
        0.11256599827902392,
        0.09682500240160152,
        0.11134400119772181
      ],
      "compute_ms": [
        115.73732599936193,
        19.24965799844358,
        18.15311000245856,
        15.71070599311497,
        15.140365001570899,
        16.50059399980819,
        16.877507005119696,
        15.571845004160423,
        16.408429000875913,
        15.419044997543097,
        16.34140899841441,
        14.935915998648852
      ],
      "useful_tokens_per_step": [
        1024,
        1024,
        1024,
        1024,
        1024,
        1024,
        1024,
        1024,
        1024,
        1024,
        1024,
        1024
      ],
      "padded_tokens_per_step": [
        1024,
        1024,
        1024,
        1024,
        1024,
        1024,
        1024,
        1024,
        1024,
        1024,
        1024,
        1024
      ],
      "sample_counts_per_step": [
        8,
        8,
        8,
        8,
        8,
        8,
        8,
        8,
        8,
        8,
        8,
        8
      ],
      "max_seq_len_per_step": [
        128,
        128,
        128,
        128,
        128,
        128,
        128,
        128,
        128,
        128,
        128,
        128
      ],