{
  "strategy": "bucket",
  "length_mode": "variable",
  "world_size": 4,
  "batch_size": 8,
  "max_tokens_per_batch": 1024,
  "slowest_rank": 2,
  "slowest_step_ms": 24.05067079962464,
  "global_useful_tokens_per_s": 208667.77653778894,
  "global_padded_tokens_per_s": 210023.24808665353,
  "average_padding_ratio": 0.006453911941716739,
  "average_rank_time_skew_ms": 0.9269524016417563,
  "average_rank_token_spread": 51.7,
  "per_rank_step_ms": {
    "0": 24.012645301263547,
    "1": 24.03219820043887,
    "2": 24.05067079962464,
    "3": 24.012878200301202
  },
  "per_rank_data_ms": {
    "0": 0.1581428005010821,
    "1": 0.14533400026266463,
    "2": 0.12826719976146705,
    "3": 0.14311859995359555
  },
  "per_rank_compute_ms": {
    "0": 23.854228600976057,
    "1": 23.88669700085302,
    "2": 23.92217260057805,
    "3": 23.86957589915255
  },
  "per_rank_useful_tokens": {
    "0": 1258.2,
    "1": 1268.1,
    "2": 1233.6,
    "3": 1258.7
  },
  "per_rank_padded_tokens": {
    "0": 1267.2,
    "1": 1276,
    "2": 1240.8,
    "3": 1267.2
  },
  "per_rank_padding_ratio": {
    "0": 0.007272529718443032,
    "1": 0.006062962813125683,
    "2": 0.006672751476909966,
    "3": 0.006901101049590963
  },
  "per_rank_sample_count": {
    "0": 8,
    "1": 8,
    "2": 8,
    "3": 8
  },
  "rank_summaries": [
    {
      "rank": 0,
      "world_size": 4,
      "strategy": "bucket",
      "length_mode": "variable",
      "batch_size": 8,
      "max_tokens_per_batch": 1024,
      "step_times_ms": [
        124.92426300013904,
        10.484416998224333,
        50.87297800491797,
        31.70462400157703,
        9.834176002186723,
        11.494546997710131,
        44.56261100131087,
        15.143038996029645,
        11.106958998425398,
        20.65710400347598,
        35.227512002165895,
        9.522903004835825
      ],
      "data_wait_ms": [
        0.1832310008467175,
        0.11190599616384134,
        0.23307299852604046,
        0.18598099995870143,
        0.11150899808853865,
        0.11704299686243758,
        0.10571299935691059,
        0.12122200132580474,
        0.10797800496220589,
        0.289329000224825,
        0.16190200403798372,
        0.14767800166737288
      ],
      "compute_ms": [
        124.74069099698681,
        10.372279997682199,
        50.63961900305003,
        31.51840100326808,
        9.722480004711542,
        11.377349997928832,
        44.4567439990351,
        15.021662999060936,
        10.998815996572375,
        20.36682900507003,
        35.06541199749336,
        9.374972003570292
      ],
      "useful_tokens_per_step": [
        1306,
        521,
        1802,
        1733,
        513,
        632,
        1962,
        1059,
        897,
        1392,
        1915,
        677
      ],
      "padded_tokens_per_step": [
        1320,
        528,
        1808,
        1752,
        520,
        632,
        1976,
        1064,
        912,
        1400,
        1928,
        680
      ],
      "sample_counts_per_step": [
        8,
        8,
        8,
        8,
        8,
        8,
        8,
        8,
        8,
        8,
        8,
        8
      ],
      "max_seq_len_per_step": [
        165,
        66,
        226,
        219,
        65,
        79,
        247,
        133,
        114,
        175,
        241,
        85
      ],
      "padding_ratio_per_step": [
        0.010606060606060619,
        0.013257575757575801,
        0.0033185840707964376,
        0.01084474885844744,
        0.013461538461538414,
        0.0,
        0.007085020242915019,
        0.0046992481203007586,
        0.016447368421052655,
        0.005714285714285672,
        0.006742738589211594,
        0.004411764705882337
      ],
      "final_loss": 2.793522357940674
    },
    {
      "rank": 1,
      "world_size": 4,
      "strategy": "bucket",
      "length_mode": "variable",
      "batch_size": 8,
      "max_tokens_per_batch": 1024,
      "step_times_ms": [
        124.65563799923984,
        10.754668997833505,
        51.44247799762525,
        31.099940999411047,
        9.855438001977745,
        11.33930800278904,
        44.36042599991197,
        15.62724199902732,
        11.942118006118108,
        19.255988001532387,
        35.95988899905933,
        9.439153996936511
      ],
      "data_wait_ms": [
        0.1883570002974011,
        0.12163000064902008,
        0.237924003158696,
        0.1602949996595271,
        0.15300199447665364,
        0.13371900422498584,
        0.16639000386931002,
        0.13703000149689615,
        0.10765899787656963,
        0.10519500210648403,
        0.14966900198487565,
        0.10245699377264827
      ],
      "compute_ms": [
        124.46700600412441,
        10.632851997797843,
        51.204388997575734,
        30.939492004108615,
        9.702227005618624,
        11.205413000425324,
        44.19396999583114,
        15.489992001676,
        11.834294004074764,
        19.150649997754954,
        35.81000000122003,
        9.336543000245001
      ],
      "useful_tokens_per_step": [
        1288,
        523,
        1836,
        1791,
        515,
        632,
        2030,
        1015,
        851,
        1365,
        1977,
        669
      ],
      "padded_tokens_per_step": [
        1304,
        528,
        1848,
        1800,
        520,
        632,
        2040,
        1024,
        856,
        1376,
        1992,
        672
      ],
      "sample_counts_per_step": [
        8,
        8,
        8,
        8,
        8,
        8,
        8,
        8,
        8,
        8,
        8,
        8
      ],
      "max_seq_len_per_step": [
        163,
        66,
        231,
        225,
        65,
        79,
        255,
        128,
        107,
        172,
        249,
        84
      ],
      "padding_ratio_per_step": [
        0.012269938650306789,
        0.009469696969697017,
        0.00649350649350644,
        0.0050000000000000044,
        0.009615384615384581,
        0.0,
        0.004901960784313708,
        0.0087890625,
        0.005841121495327117,
        0.007994186046511587,
        0.0075301204819276935,
        0.004464285714285698
      ],
      "final_loss": 2.7419705390930176
    },
    {
      "rank": 2,
      "world_size": 4,
      "strategy": "bucket",
      "length_mode": "variable",
      "batch_size": 8,
      "max_tokens_per_batch": 1024,
      "step_times_ms": [
        124.69858300028136,
        10.793501998705324,
        51.53706199780572,
        31.901418005872983,
        8.944179993704893,
        10.57822899747407,
        45.48167400207603,
        14.883796997310128,
        12.047318996337708,
        20.29936100007035,
        35.04367999994429,
        9.78998800565023
      ],
      "data_wait_ms": [
        0.1597239970578812,
        0.11158599954796955,
        0.194385000213515,
        0.11079399700975046,
        0.09231400326825678,
        0.11298400204395875,
        0.13716200191993266,
        0.15163799980655313,
        0.14944899885449558,
        0.11293999705230817,
        0.11038799857487902,
        0.11061799887102097
      ],
      "compute_ms": [
        124.53840800299076,
        10.681674000807106,
        51.34251200070139,
        31.790437002200633,
        8.851645994582213,
        10.465068997291382,
        45.34401700220769,
        14.732016003108583,
        11.89768299809657,
        20.186256006127223,
        34.93318199616624,
        9.678908005298581
      ],
      "useful_tokens_per_step": [
        1265,
        525,
        1775,
        1686,
        512,
        621,
        1933,
        1024,
        882,
        1357,
        1880,
        666
      ],
      "padded_tokens_per_step": [
        1272,
        528,
        1784,
        1696,
        512,
        632,
        1936,
        1024,
        896,
        1368,
        1888,
        672
      ],