{
  "strategy": "sample",
  "length_mode": "variable",
  "world_size": 4,
  "batch_size": 8,
  "max_tokens_per_batch": 1024,
  "slowest_rank": 3,
  "slowest_step_ms": 38.04817199779791,
  "global_useful_tokens_per_s": 122005.8614187475,
  "global_padded_tokens_per_s": 201702.20005429347,
  "average_padding_ratio": 0.3951188366517251,
  "average_rank_time_skew_ms": 0.4580426000757143,
  "average_rank_token_spread": 382,
  "per_rank_step_ms": {
    "0": 38.00772219983628,
    "1": 38.01185290067224,
    "2": 38.00981389867957,
    "3": 38.04817199779791
  },
  "per_rank_data_ms": {
    "0": 0.13615430143545382,
    "1": 0.1239033997990191,
    "2": 0.12792599954991601,
    "3": 0.13907499887864105
  },
  "per_rank_compute_ms": {
    "0": 37.87138529878575,
    "1": 37.88777900044806,
    "2": 37.88172399945324,
    "3": 37.90886709903134
  },
  "per_rank_useful_tokens": {
    "0": 1143.7,
    "1": 1180,
    "2": 1115.7,
    "3": 1202.7
  },
  "per_rank_padded_tokens": {
    "0": 1952.8,
    "1": 1873.6,
    "2": 1930.4,
    "3": 1917.6
  },
  "per_rank_padding_ratio": {
    "0": 0.4125368507106397,
    "1": 0.36859180557290416,
    "2": 0.42213527295009495,
    "3": 0.3735013992412485
  },
  "per_rank_sample_count": {
    "0": 8,
    "1": 8,
    "2": 8,
    "3": 8
  },
  "rank_summaries": [
    {
      "rank": 0,
      "world_size": 4,
      "strategy": "sample",
      "length_mode": "variable",
      "batch_size": 8,
      "max_tokens_per_batch": 1024,
      "step_times_ms": [
        141.82785900629824,
        34.16748200106667,
        41.7399879952427,
        35.150793999491725,
        37.565341001027264,
        39.225204003741965,
        37.554515001829714,
        37.89948800113052,
        37.10675099864602,
        42.09218300093198,
        35.44772799796192,
        36.29522999835899
      ],
      "data_wait_ms": [
        0.33673900179564953,
        0.19373599934624508,
        0.11357699986547232,
        0.14177100092638284,
        0.14267300139181316,
        0.15290300507331267,
        0.1449390038033016,
        0.13011099508730695,
        0.15691900625824928,
        0.12126699584769085,
        0.14682000619359314,
        0.11056299990741536
      ],
      "compute_ms": [
        141.4909000013722,
        33.97341600066284,
        41.62621299474267,
        35.00885799439857,
        37.42249200149672,
        39.07211399928201,
        37.40945499885129,
        37.76921200187644,
        36.949567998817656,
        41.97066300548613,
        35.300764997373335,
        36.184512995532714
      ],
      "useful_tokens_per_step": [
        1433,
        758,
        1306,
        1108,
        1087,
        1042,
        968,
        1151,
        994,
        1554,
        1077,
        1150
      ],
      "padded_tokens_per_step": [
        2040,
        992,
        2048,
        1624,
        1848,
        1976,
        2048,
        1904,
        2048,
        2048,
        1936,
        2048
      ],
      "sample_counts_per_step": [
        8,
        8,
        8,
        8,
        8,
        8,
        8,
        8,
        8,
        8,
        8,
        8
      ],
      "max_seq_len_per_step": [
        255,
        124,
        256,
        203,
        231,
        247,
        256,
        238,
        256,
        256,
        242,
        256
      ],
      "padding_ratio_per_step": [
        0.2975490196078432,
        0.2358870967741935,
        0.3623046875,
        0.31773399014778325,
        0.4117965367965368,
        0.4726720647773279,
        0.52734375,
        0.39548319327731096,
        0.5146484375,
        0.2412109375,
        0.44369834710743805,
        0.4384765625
      ],
      "final_loss": 2.8108913898468018
    },
    {
      "rank": 1,
      "world_size": 4,
      "strategy": "sample",
      "length_mode": "variable",
      "batch_size": 8,
      "max_tokens_per_batch": 1024,
      "step_times_ms": [
        141.33300600224175,
        34.206044001621194,
        41.90135100361658,
        34.94813599536428,
        37.663268005417194,
        39.158394996775314,
        37.762265994388144,
        38.10434600018198,
        36.24796300573507,
        42.6609339992865,
        35.30668900202727,
        36.36518100393005
      ],
      "data_wait_ms": [
        0.24821999977575615,
        0.1938679997692816,
        0.10896800085902214,
        0.10851700062630698,
        0.14278299931902438,
        0.10679000115487725,
        0.14602800365537405,
        0.1086490010493435,
        0.15445499593624845,
        0.1496800032327883,
        0.10653799836291,
        0.10662599379429594
      ],
      "compute_ms": [
        141.0840820026351,
        34.01184600079432,
        41.79224000108661,
        34.839442996599246,
        37.52030900068348,
        39.051417996233795,
        37.616083995089866,
        37.99548800452612,
        36.09333200438414,
        42.51107799791498,
        35.20000800199341,
        36.25839000596898
      ],
      "useful_tokens_per_step": [
        1372,
        1347,
        1313,
        1531,
        1410,
        1283,
        1074,
        954,
        925,
        1246,
        980,
        1084
      ],
      "padded_tokens_per_step": [
        2048,
        2040,
        2048,
        2048,
        2048,
        1952,
        2048,
        1816,
        1440,
        2048,
        1376,
        1912
      ],
      "sample_counts_per_step": [
        8,
        8,
        8,
        8,
        8,
        8,
        8,
        8,
        8,
        8,
        8,
        8
      ],
      "max_seq_len_per_step": [
        256,
        255,
        256,
        256,
        256,
        244,
        256,
        227,
        180,
        256,
        172,
        239
      ],
      "padding_ratio_per_step": [
        0.330078125,
        0.3397058823529412,
        0.35888671875,
        0.25244140625,
        0.3115234375,
        0.3427254098360656,
        0.4755859375,
        0.47466960352422904,
        0.35763888888888884,
        0.3916015625,
        0.28779069767441856,
        0.4330543933054394
      ],
      "final_loss": 2.8265151977539062
    },
    {
      "rank": 2,
      "world_size": 4,
      "strategy": "sample",
      "length_mode": "variable",
      "batch_size": 8,
      "max_tokens_per_batch": 1024,
      "step_times_ms": [
        141.69427500019083,
        34.214669998618774,
        41.66473999794107,
        35.39486799854785,
        37.804501997015905,
        39.06452700175578,
        37.48139300296316,
        37.80203800124582,
        36.54832399479346,
        42.57097399386112,
        35.270095999294426,
        36.49667699937709
      ],
      "data_wait_ms": [
        0.20646300254156813,
        0.23635099933017045,
        0.1082640010281466,
        0.15077999705681577,
        0.10450300032971427,
        0.112113993964158,
        0.11014499614248052,
        0.136271002702415,
        0.11651399836409837,
        0.1458629994885996,
        0.1460170024074614,
        0.14878900401527062
      ],
      "compute_ms": [
        141.4874710026197,
        33.97791199677158,
        41.55629999877419,
        35.243933998572174,
        37.699767999583855,
        38.95222600112902,
        37.37107200140599,
        37.66556899790885,
        36.43175499746576,
        42.424967999977525,
        35.12391399999615,
        36.34773399971891
      ],
      "useful_tokens_per_step": [
        1163,
        1001,
        1179,
        867,
        1100,
        1211,
        985,
        1308,
        1296,
        991,
        985,
        1235
      ],
      "padded_tokens_per_step": [
        1960,
        1928,
        2048,
        1648,
        2048,
        2048,
        1584,
        2048,
        2048,
        1848,
        2048,
        1936
      ],