{
  "strategy": "token",
  "length_mode": "variable",
  "world_size": 4,
  "batch_size": 8,
  "max_tokens_per_batch": 1280,
  "slowest_rank": 0,
  "slowest_step_ms": 25.032974599162117,
  "global_useful_tokens_per_s": 193289.05483577467,
  "global_padded_tokens_per_s": 194383.61113356744,
  "average_padding_ratio": 0.005630908343608687,
  "average_rank_time_skew_ms": 1.1647448991425335,
  "average_rank_token_spread": 83.3,
  "per_rank_step_ms": {
    "0": 25.032974599162117,
    "1": 24.916670898528537,
    "2": 24.888321998878382,
    "3": 24.796245599281974
  },
  "per_rank_data_ms": {
    "0": 0.14944500144338235,
    "1": 0.1466629015340004,
    "2": 0.12957950093550608,
    "3": 0.12974450146430172
  },
  "per_rank_compute_ms": {
    "0": 24.883458099066047,
    "1": 24.769937597739045,
    "2": 24.75866329987184,
    "3": 24.666427398915403
  },
  "per_rank_useful_tokens": {
    "0": 1218.4,
    "1": 1215.8,
    "2": 1187.7,
    "3": 1216.7
  },
  "per_rank_padded_tokens": {
    "0": 1225.3,
    "1": 1222.4,
    "2": 1195.1,
    "3": 1223.2
  },
  "per_rank_padding_ratio": {
    "0": 0.005578349776629599,
    "1": 0.005392264984336781,
    "2": 0.00614295166895007,
    "3": 0.0053317246125583525
  },
  "per_rank_sample_count": {
    "0": 8.3,
    "1": 8.1,
    "2": 7,
    "3": 8.1
  },
  "rank_summaries": [
    {
      "rank": 0,
      "world_size": 4,
      "strategy": "token",
      "length_mode": "variable",
      "batch_size": 8,
      "max_tokens_per_batch": 1280,
      "step_times_ms": [
        122.24713699833956,
        17.32633799838368,
        40.74417599622393,
        20.684587994765025,
        29.463420003594365,
        22.297618997981772,
        19.90163599839434,
        17.768432000593748,
        17.486479999206495,
        32.708157996239606,
        31.098400002520066,
        18.17683700210182
      ],
      "data_wait_ms": [
        0.16965700342552736,
        0.1760809973347932,
        0.12913200043840334,
        0.1390430043102242,
        0.17793999722925946,
        0.12317000073380768,
        0.20897200010949746,
        0.127658000565134,
        0.11908900341950357,
        0.22661600087303668,
        0.09020200377563015,
        0.152628002979327
      ],
      "compute_ms": [
        122.07731499802321,
        17.15013600187376,
        40.61495600035414,
        20.545467996271327,
        29.285392003657762,
        22.17439399828436,
        19.692608999321237,
        17.640707999817096,
        17.367314001603518,
        32.48147599515505,
        31.008131998532917,
        18.024131997663062
      ],
      "useful_tokens_per_step": [
        1216,
        1202,
        1236,
        1221,
        1232,
        1258,
        1280,
        1225,
        1190,
        1064,
        1280,
        1198
      ],
      "padded_tokens_per_step": [
        1218,
        1206,
        1240,
        1225,
        1254,
        1274,
        1280,
        1225,
        1200,
        1065,
        1280,
        1210
      ],
      "sample_counts_per_step": [
        6,
        18,
        5,
        5,
        19,
        13,
        5,
        7,
        8,
        5,
        5,
        11
      ],
      "max_seq_len_per_step": [
        203,
        67,
        248,
        245,
        66,
        98,
        256,
        175,
        150,
        213,
        256,
        110
      ],
      "padding_ratio_per_step": [
        0.0016420361247947435,
        0.0033167495854062867,
        0.003225806451612856,
        0.0032653061224490187,
        0.01754385964912286,
        0.012558869701726816,
        0.0,
        0.0,
        0.008333333333333304,
        0.0009389671361502705,
        0.0,
        0.00991735537190086
      ],
      "final_loss": 2.850064992904663
    },
    {
      "rank": 1,
      "world_size": 4,
      "strategy": "token",
      "length_mode": "variable",
      "batch_size": 8,
      "max_tokens_per_batch": 1280,
      "step_times_ms": [
        122.44092900073156,
        18.44376300141448,
        39.511709997896105,
        20.912216998112854,
        29.793734996928833,
        22.474304998468142,
        19.299526000395417,
        17.285460999119096,
        18.311903993890155,
        31.44087600230705,
        33.12444099719869,
        17.012534000969026
      ],
      "data_wait_ms": [
        0.18516699492465705,
        0.1520670048194006,
        0.15938300202833489,
        0.10979400394717231,
        0.09697800123831257,
        0.2494410000508651,
        0.12082600005669519,
        0.20810300338780507,
        0.1380969988531433,
        0.10191700130235404,
        0.1336310015176423,
        0.14845900295767933
      ],
      "compute_ms": [
        122.2554210035014,
        18.291596999915782,
        39.35224999440834,
        20.802367995202076,
        29.696669000259135,
        22.224742999242153,
        19.178634000127204,
        17.077291995519772,
        18.173740994825494,
        31.338915003289003,
        32.99075499671744,
        16.86400899779983
      ],
      "useful_tokens_per_step": [
        1129,
        1236,
        1213,
        1170,
        1261,
        1237,
        1229,
        1184,
        1134,
        1280,
        1280,
        1170
      ],
      "padded_tokens_per_step": [
        1140,
        1254,
        1242,
        1176,
        1265,
        1245,
        1235,
        1190,
        1135,
        1280,
        1280,
        1176
      ],
      "sample_counts_per_step": [
        6,
        19,
        18,
        7,
        5,
        5,
        13,
        10,
        5,
        5,
        5,
        8
      ],
      "max_seq_len_per_step": [
        190,
        66,
        69,
        168,
        253,
        249,
        95,
        119,
        227,
        256,
        256,
        147
      ],
      "padding_ratio_per_step": [
        0.009649122807017574,
        0.014354066985645897,
        0.023349436392914646,
        0.005102040816326481,
        0.003162055335968361,
        0.006425702811244993,
        0.004858299595141724,
        0.005042016806722671,
        0.0008810572687224516,
        0.0,
        0.0,
        0.005102040816326481
      ],
      "final_loss": 2.795452356338501
    },
    {
      "rank": 2,
      "world_size": 4,
      "strategy": "token",
      "length_mode": "variable",
      "batch_size": 8,
      "max_tokens_per_batch": 1280,
      "step_times_ms": [
        123.26907000533538,
        17.819732005591504,
        39.22794800018892,
        20.84441100305412,
        29.05532799923094,
        23.282315996766556,
        19.20685500226682,
        17.458619993703905,
        18.36817000003066,
        31.425475994183216,
        32.175658001506235,
        17.838437997852452
      ],
      "data_wait_ms": [
        0.15674299356760457,
        0.1319920047535561,
        0.09954100096365437,
        0.1602179982000962,
        0.10302900045644492,
        0.12951700045960024,
        0.1401430054102093,
        0.14358600310515612,
        0.10523899982217699,
        0.09170900011667982,
        0.10518400085857138,
        0.21762899996247143
      ],
      "compute_ms": [
        123.11208500614157,
        17.68760800041491,
        39.12831899651792,
        20.684116003394593,
        28.952200002095196,
        23.152733003371395,
        19.066645996645093,
        17.314956996415276,
        18.262864999996964,
        31.33367899863515,
        32.07039699918823,
        17.620721002458595
      ],
      "useful_tokens_per_step": [
        1170,
        1235,
        1213,
        1132,
        1156,
        1175,
        1247,
        1226,
        1085,
        1280,
        1226,
        1137
      ],
      "padded_tokens_per_step": [
        1170,
        1254,
        1220,
        1141,
        1162,
        1180,
        1274,
        1230,
        1090,
        1280,
        1230,
        1144
      ],