{
  "mode": "skew",
  "world_size": 2,
  "batch_size": 128,
  "global_batch_size": 256,
  "slowest_rank": 1,
  "slowest_step_ms": 68.2601992484706,
  "global_throughput_samples_per_s": 3750.3552995523346,
  "average_rank_skew_ms": 0.29310100035218056,
  "per_rank_step_ms": {
    "0": 68.23664824878506,
    "1": 68.2601992484706
  },
  "per_rank_data_ms": {
    "0": 22.897871749592014,
    "1": 0.6170417491375702
  },
  "per_rank_compute_ms": {
    "0": 45.338490499489126,
    "1": 67.6429539998935
  },
  "rank_summaries": [
    {
      "rank": 0,
      "world_size": 2,
      "mode": "skew",
      "batch_size": 128,
      "sleep_ms": 20.0,
      "comm_mb": 64,
      "barrier_every": 1,
      "step_times_ms": [
        247.18924400076503,
        78.97440400120104,
        76.24993199715391,
        74.5919100008905,
        61.52578200271819,
        60.57896899437765
      ],
      "data_wait_ms": [
        21.66964399657445,
        23.01734899810981,
        22.81077999941772,
        22.749124000256415,
        22.99100800155429,
        23.04057499713963
      ],
      "compute_ms": [
        225.51925900188508,
        55.95663699932629,
        53.43884399917442,
        51.842378998117056,
        38.534521001565736,
        37.53821799909929
      ],
      "final_loss": 6.8967742919921875
    },
    {
      "rank": 1,
      "world_size": 2,
      "mode": "skew",
      "batch_size": 128,
      "sleep_ms": 20.0,
      "comm_mb": 64,
      "barrier_every": 1,
      "step_times_ms": [
        246.26129700482124,
        79.9273099983111,
        76.24953000049572,
        75.11599399731494,
        60.98708399804309,
        60.688188998028636
      ],
      "data_wait_ms": [
        1.6328860001522116,
        1.1507230010465719,
        0.9077840004465543,
        0.5798659985885024,
        0.4648039976018481,
        0.5157129999133758
      ],
      "compute_ms": [
        244.62786100048106,
        78.77630100119859,
        75.34151499567088,
        74.53596300183563,
        60.522070998558775,
        60.17226700350875
      ],
      "final_loss": 6.918975830078125
    }
  ]
}
