{
  "mode": "barrier",
  "world_size": 4,
  "batch_size": 128,
  "global_batch_size": 512,
  "slowest_rank": 2,
  "slowest_step_ms": 89.16273469803855,
  "global_throughput_samples_per_s": 5742.30929248588,
  "average_rank_skew_ms": 8.644747200742131,
  "per_rank_step_ms": {
    "0": 87.5178040987521,
    "1": 87.60095629841089,
    "2": 89.16273469803855,
    "3": 87.6231384005223
  },
  "per_rank_data_ms": {
    "0": 0.7333782989007886,
    "1": 0.7014000999333803,
    "2": 0.7919177020085044,
    "3": 0.8187202998669818
  },
  "per_rank_compute_ms": {
    "0": 86.78419809948537,
    "1": 86.89926029910566,
    "2": 88.37053419847507,
    "3": 86.8041034998896
  },
  "rank_summaries": [
    {
      "rank": 0,
      "world_size": 4,
      "mode": "barrier",
      "batch_size": 128,
      "sleep_ms": 20.0,
      "comm_mb": 64,
      "barrier_every": 1,
      "barrier_sleep_ms": 20.0,
      "step_times_ms": [
        225.1433320052456,
        95.16823400190333,
        92.4862989995745,
        90.47508399817161,
        87.87052299885545,
        86.67304299888201,
        83.9284339963342,
        85.3685299953213,
        76.88402899657376,
        97.77760400174884,
        85.64034099981654,
        88.07415400224272
      ],
      "data_wait_ms": [
        1.072940998710692,
        0.9002049991977401,
        0.7298650016309693,
        0.5577339979936369,
        0.4867269963142462,
        0.6105239954194985,
        0.7589939996250905,
        0.9372429994982667,
        1.164829998742789,
        0.8794800014584325,
        0.5838919969392009,
        0.6244940013857558
      ],
      "compute_ms": [
        224.06936800689436,
        94.26759999769274,
        91.75604899792233,
        89.91715199954342,
        87.38354300294304,
        86.06232100282796,
        83.1692749998183,
        84.43084699683823,
        75.71912199637154,
        96.89804699883098,
        85.05622899974696,
        87.44939600001089
      ],
      "final_loss": 6.409460544586182
    },
    {
      "rank": 1,
      "world_size": 4,
      "mode": "barrier",
      "batch_size": 128,
      "sleep_ms": 20.0,
      "comm_mb": 64,
      "barrier_every": 1,
      "barrier_sleep_ms": 20.0,
      "step_times_ms": [
        226.1472340032924,
        96.24285899917595,
        91.22742299950914,
        89.80956699815579,
        87.8165199974319,
        85.27351499651559,
        88.19189099449432,
        86.64317899820162,
        86.24382699781563,
        84.75156199710909,
        85.90587400249206,
        90.1462050023838
      ],
      "data_wait_ms": [
        1.519868994364515,
        1.0461330020916648,
        0.6248900026548654,
        0.5789749993709847,
        0.8166249972418882,
        0.8194180045393296,
        1.3125149998813868,
        0.7095920009305701,
        0.5054610010120086,
        0.49781499546952546,
        0.5553909941227175,
        0.5933190041105263
      ],
      "compute_ms": [
        224.6263090055436,
        95.19649499998195,
        90.60212599433726,
        89.23040499939816,
        86.99970800080337,
        84.45389899861766,
        86.87894699687604,
        85.93320199724985,
        85.73813499970129,
        84.25354900100501,
        85.35026300523896,
        89.55236899782903
      ],
      "final_loss": 6.429264545440674
    },
    {
      "rank": 2,
      "world_size": 4,
      "mode": "barrier",
      "batch_size": 128,
      "sleep_ms": 20.0,
      "comm_mb": 64,
      "barrier_every": 1,
      "barrier_sleep_ms": 20.0,
      "step_times_ms": [
        225.25325800233986,
        80.12573899759445,
        107.49583299912047,
        87.02679499401711,
        91.74961900134804,
        85.67839099850971,
        87.21549299662001,
        84.01100499759195,
        86.94479399855481,
        84.77136799774598,
        85.90925199678168,
        90.82479700009571
      ],
      "data_wait_ms": [
        1.0341320012230426,
        0.7763190005789511,
        0.7540000005974434,
        0.8005530035006814,
        0.9666120022302493,
        0.5609460058622062,
        0.856996004586108,
        0.5886770013603382,
        0.8293729988508858,
        0.7282150036189705,
        0.9742580004967749,
        0.8595469989813864
      ],
      "compute_ms": [
        224.21820199815556,
        79.34921099513303,
        106.74133800057461,
        86.22603299590992,
        90.78282999689691,
        85.11735699721612,
        86.35826599493157,
        83.42209699912928,
        86.1152450015652,
        84.04262499971082,
        84.93452100083232,
        89.96502999798395
      ],
      "final_loss": 6.458059787750244
    },
    {
      "rank": 3,
      "world_size": 4,
      "mode": "barrier",
      "batch_size": 128,
      "sleep_ms": 20.0,
      "comm_mb": 64,
      "barrier_every": 1,
      "barrier_sleep_ms": 20.0,
      "step_times_ms": [
        222.4357509985566,
        98.4644810014288,
        87.95595500123454,
        92.84617099910975,
        89.08957499807002,
        86.72795000165934,
        85.15056600299431,
        87.79340799810598,
        84.16899100120645,
        74.48390900390223,
        95.63269499631133,
        92.382164002629
      ],
      "data_wait_ms": [
        1.1475560022518039,
        1.4795859970035963,
        0.8587549964431673,
        1.2226249964442104,
        0.8323440051754005,
        0.6436570038204081,
        0.7353649998549372,
        0.7582910038763657,
        0.536492996616289,
        0.9897010022541508,
        0.7426809970638715,
        0.8672909971210174
      ],
      "compute_ms": [
        221.2876889971085,
        96.9846090010833,
        87.09702399937669,
        91.62294099951396,
        88.25694499682868,
        86.08409499720437,
        84.41498100000899,
        87.03476499795215,
        83.6319590016501,
        73.493944000802,
        94.88977200089721,
        91.5146090046619
      ],
      "final_loss": 6.432675838470459
    }
  ]
}
