{
  "mode": "comm",
  "world_size": 4,
  "batch_size": 128,
  "global_batch_size": 512,
  "slowest_rank": 1,
  "slowest_step_ms": 271.4609857997857,
  "global_throughput_samples_per_s": 1886.0905499607309,
  "average_rank_skew_ms": 9.103172599134268,
  "per_rank_step_ms": {
    "0": 271.39805190163315,
    "1": 271.4609857997857,
    "2": 271.4104432001477,
    "3": 271.3250449996849
  },
  "per_rank_data_ms": {
    "0": 0.8212676999391988,
    "1": 1.0265947006701026,
    "2": 0.8749861997785047,
    "3": 0.9162674985418562
  },
  "per_rank_compute_ms": {
    "0": 270.5766654013132,
    "1": 270.4342821984028,
    "2": 270.5353789002402,
    "3": 270.4087016012636
  },
  "rank_summaries": [
    {
      "rank": 0,
      "world_size": 4,
      "mode": "comm",
      "batch_size": 128,
      "sleep_ms": 20.0,
      "comm_mb": 128,
      "barrier_every": 1,
      "barrier_sleep_ms": 15.0,
      "step_times_ms": [
        457.83243399637286,
        273.82572399801575,
        275.49834200181067,
        244.1712939980789,
        274.9761080049211,
        269.10542599944165,
        266.87944100558525,
        276.01373300421983,
        270.57502300158376,
        277.08433200314175,
        295.5361919957795,
        264.1406280017691
      ],
      "data_wait_ms": [
        2.616449994093273,
        0.9545510038151406,
        0.7820509999874048,
        0.9344479985884391,
        0.7682229988859035,
        0.6752599947503768,
        1.0682880019885488,
        1.0312500016880222,
        0.6038030041963793,
        0.8727370004635304,
        0.7769360017846338,
        0.6996809970587492
      ],
      "compute_ms": [
        455.21468600054504,
        272.8710519950255,
        274.71618100389605,
        243.2365929998923,
        274.20779700332787,
        268.43008900323184,
        265.81106500088936,
        274.9824170023203,
        269.9709559965413,
        276.2115290024667,
        294.7591679985635,
        263.440859002003
      ],
      "final_loss": 6.409460544586182
    },
    {
      "rank": 1,
      "world_size": 4,
      "mode": "comm",
      "batch_size": 128,
      "sleep_ms": 20.0,
      "comm_mb": 128,
      "barrier_every": 1,
      "barrier_sleep_ms": 15.0,
      "step_times_ms": [
        450.7020450037089,
        277.089576004073,
        275.84998899692437,
        247.73828300385503,
        270.3955129982205,
        259.37832499766955,
        272.1114119995036,
        276.055993999762,
        276.39157399971737,
        275.807721001911,
        292.17586800223216,
        268.70517899806146
      ],
      "data_wait_ms": [
        1.2387149981805123,
        1.3867779998690821,
        0.6069050068617798,
        1.4821160002611578,
        1.1698030066327192,
        0.6340979962260462,
        1.4016389977768995,
        1.0786389975692146,
        1.3800070009892806,
        0.8378440033993684,
        0.6783409990021028,
        0.9965549979824573
      ],
      "compute_ms": [
        449.4626590021653,
        275.7026000035694,
        275.2429849933833,
        246.25609000213444,
        269.2256219961564,
        258.74413899873616,
        270.7096849990194,
        274.97699199739145,
        275.01150099851657,
        274.9697999970522,
        291.49746100301854,
        267.70854699861957
      ],
      "final_loss": 6.429264545440674
    },
    {
      "rank": 2,
      "world_size": 4,
      "mode": "comm",
      "batch_size": 128,
      "sleep_ms": 20.0,
      "comm_mb": 128,
      "barrier_every": 1,
      "barrier_sleep_ms": 15.0,
      "step_times_ms": [
        460.2434140033438,
        274.7951790006482,
        272.3680089984555,
        253.06967800133862,
        268.2974169947556,
        267.9918329959037,
        269.04335799918044,
        273.07837400439894,
        273.1570920004742,
        265.2893080012291,
        307.37500700342935,
        264.4343560023117
      ],
      "data_wait_ms": [
        1.7592790027265437,
        0.973189999058377,
        0.6513569969683886,
        0.6133729984867387,
        0.8274479987449013,
        0.7795979981892742,
        1.5892150040599518,
        0.752646999899298,
        1.0951830045087263,
        0.8937809980125166,
        0.9321489997091703,
        0.615110999206081
      ],
      "compute_ms": [
        458.483342998079,
        273.8218790036626,
        271.71656399877975,
        252.45622800139245,
        267.4698699993314,
        267.212157996255,
        267.454076994909,
        272.3256500030402,
        272.061842995754,
        264.39546100300504,
        306.44279200350866,
        263.8191460064263
      ],
      "final_loss": 6.458059787750244
    },
    {
      "rank": 3,
      "world_size": 4,
      "mode": "comm",
      "batch_size": 128,
      "sleep_ms": 20.0,
      "comm_mb": 128,
      "barrier_every": 1,
      "barrier_sleep_ms": 15.0,
      "step_times_ms": [
        453.01584300614195,
        276.1213619960472,
        270.69009200204164,
        254.64592499338323,
        261.0488619975513,
        272.81712900003185,
        270.32404300553026,
        275.0291170013952,
        269.389858993236,
        278.3454599994002,
        296.0750310012372,
        264.8849320030422
      ],
      "data_wait_ms": [
        1.2097399958292954,
        0.9252739982912317,
        0.8592999947723001,
        0.6943349944776855,
        0.9938389994204044,
        0.9169910044874996,
        1.2422020008671097,
        0.680507997458335,
        0.6171349959913641,
        1.555322996864561,
        0.8067789967753924,
        0.7962630043039098
      ],
      "compute_ms": [
        451.8056740052998,
        275.19596699858084,
        269.8306930033141,
        253.95153499994194,
        260.0549350026995,
        271.90005000011297,
        269.08177500445163,
        274.34854300372535,
        268.772668998281,
        276.7900489998283,
        295.2681640017545,
        264.08860299852677
      ],
      "final_loss": 6.432675838470459
    }
  ]
}
