{
  "mode": "skew",
  "world_size": 4,
  "batch_size": 128,
  "global_batch_size": 512,
  "slowest_rank": 1,
  "slowest_step_ms": 102.53940539987525,
  "global_throughput_samples_per_s": 4993.202349899943,
  "average_rank_skew_ms": 7.4530912992486265,
  "per_rank_step_ms": {
    "0": 102.18799650028814,
    "1": 102.53940539987525,
    "2": 102.16984980143025,
    "3": 102.31285730114905
  },
  "per_rank_data_ms": {
    "0": 44.63810499946703,
    "1": 0.7520476014178712,
    "2": 0.7758709987683687,
    "3": 0.807895900652511
  },
  "per_rank_compute_ms": {
    "0": 57.54967149987351,
    "1": 101.78709919855464,
    "2": 101.39375220096554,
    "3": 101.50475570044364
  },
  "rank_summaries": [
    {
      "rank": 0,
      "world_size": 4,
      "mode": "skew",
      "batch_size": 128,
      "sleep_ms": 40.0,
      "comm_mb": 64,
      "barrier_every": 1,
      "barrier_sleep_ms": 15.0,
      "step_times_ms": [
        253.98946800123667,
        113.10153199883644,
        103.32172400376294,
        97.81993299839087,
        95.83938099967781,
        104.33068600104889,
        103.00264700344997,
        103.62659499514848,
        103.7937380024232,
        104.30246100440854,
        102.90035700018052,
        102.94244299439015
      ],
      "data_wait_ms": [
        42.6056919968687,
        42.754702000820544,
        44.769514999643434,
        43.129912999575026,
        44.89634699712042,
        44.83352499664761,
        44.99839199706912,
        44.732977003150154,
        44.73518199665705,
        44.81963600119343,
        44.74358999868855,
        44.72197300492553
      ],
      "compute_ms": [
        211.38309399975697,
        70.3465549959219,
        58.551956004521344,
        54.689887998392805,
        50.94282500067493,
        59.49702900397824,
        58.00407900096616,
        58.89337599364808,
        59.05834700388368,
        59.48262700258056,
        58.15639299544273,
        58.22019499464659
      ],
      "final_loss": 6.409460544586182
    },
    {
      "rank": 1,
      "world_size": 4,
      "mode": "skew",
      "batch_size": 128,
      "sleep_ms": 40.0,
      "comm_mb": 64,
      "barrier_every": 1,
      "barrier_sleep_ms": 15.0,
      "step_times_ms": [
        255.0548750004964,
        108.80885100050364,
        105.96986299788114,
        100.63290200196207,
        102.64049599936698,
        94.76312200422399,
        101.81894899869803,
        105.10267400240991,
        96.64631300256588,
        111.24966899660649,
        102.29684899968561,
        104.27321699535241
      ],
      "data_wait_ms": [
        1.2266139965504408,
        1.0045750022982247,
        0.7555949996458367,
        0.6604980007978156,
        0.7974180043675005,
        0.8929660034482367,
        0.6529410020448267,
        0.8288899989565834,
        0.5103120056446642,
        1.0610389945213683,
        0.6172670036903583,
        0.7435500010615215
      ],
      "compute_ms": [
        253.82755700411508,
        107.80391300068004,
        105.21403700113297,
        99.97223899699748,
        101.84290199686075,
        93.87002400035271,
        101.1658540010103,
        104.27310199884232,
        96.1358360000304,
        110.18824500206392,
        101.67927299335133,
        103.52947999490425
      ],
      "final_loss": 6.429264545440674
    },
    {
      "rank": 2,
      "world_size": 4,
      "mode": "skew",
      "batch_size": 128,
      "sleep_ms": 40.0,
      "comm_mb": 64,
      "barrier_every": 1,
      "barrier_sleep_ms": 15.0,
      "step_times_ms": [
        254.79351700050756,
        112.41259300004458,
        100.46141299972078,
        102.09776500414591,
        108.17272100393893,
        89.63028900325298,
        102.99769500124967,
        101.95129900239408,
        106.95068199856905,
        103.84007299580844,
        103.1069720047526,
        102.48958900047
      ],
      "data_wait_ms": [
        1.1220679953112267,
        1.386601994454395,
        0.5367669946281239,
        0.8816799963824451,
        0.9114580025197938,
        1.1951319975196384,
        0.7775959966238588,
        0.7312300003832206,
        0.9339089956483804,
        0.7693570005358197,
        0.5177920029382221,
        0.5037890005041845
      ],
      "compute_ms": [
        253.6704810045194,
        111.02574899996398,
        99.9244480044581,
        101.21590900234878,
        107.26104299828876,
        88.43487100239145,
        102.21969200210879,
        101.21993700158782,
        106.01657500228612,
        103.07052899588598,
        102.58902599889552,
        101.98549200140405
      ],
      "final_loss": 6.458059787750244
    },
    {
      "rank": 3,
      "world_size": 4,
      "mode": "skew",
      "batch_size": 128,
      "sleep_ms": 40.0,
      "comm_mb": 64,
      "barrier_every": 1,
      "barrier_sleep_ms": 15.0,
      "step_times_ms": [
        244.84391200530808,
        117.80748699675314,
        102.15654600324342,
        106.82537300453987,
        106.947581996792,
        88.86510600132169,
        99.21451000263914,
        107.93768699659267,
        104.69112000282621,
        102.05625600065105,
        102.0845500024734,
        102.34984300041106
      ],
      "data_wait_ms": [
        1.2223679950693622,
        1.6157479985849932,
        1.088760000129696,
        0.9890309956972487,
        0.4677520046243444,
        0.6179490010254085,
        0.7334080000873655,
        0.8516600064467639,
        0.5559080018429086,
        0.6971510010771453,
        1.0426029984955676,
        1.034736997098662
      ],
      "compute_ms": [
        243.62110400397796,
        116.19151900231373,
        101.06753300351556,
        105.83617700467585,
        106.47966499527683,
        88.24702499987325,
        98.48102500109235,
        107.08561999490485,
        104.13506899931235,
        101.35877499851631,
        101.04180400230689,
        101.31486400496215
      ],
      "final_loss": 6.432675838470459
    }
  ]
}
