{
  "mode": "baseline",
  "world_size": 1,
  "batch_size": 512,
  "global_batch_size": 512,
  "slowest_rank": 0,
  "slowest_step_ms": 83.98703879938694,
  "global_throughput_samples_per_s": 6096.1787356615005,
  "average_rank_skew_ms": 0.0,
  "per_rank_step_ms": {
    "0": 83.98703879938694
  },
  "per_rank_data_ms": {
    "0": 1.5182978990196716
  },
  "per_rank_compute_ms": {
    "0": 82.46860339932027
  },
  "rank_summaries": [
    {
      "rank": 0,
      "world_size": 1,
      "mode": "baseline",
      "batch_size": 512,
      "sleep_ms": 20.0,
      "comm_mb": 64,
      "barrier_every": 1,
      "barrier_sleep_ms": 15.0,
      "step_times_ms": [
        162.15246499632485,
        85.59200699528446,
        82.95910499873571,
        82.2716299953754,
        87.34444400033681,
        84.07101099874126,
        80.4208249974181,
        83.25471600255696,
        83.08861599653028,
        82.12069600267569,
        87.24000099755358,
        87.09934400394559
      ],
      "data_wait_ms": [
        3.3486920001450926,
        1.3698479961021803,
        1.3873169955331832,
        1.4747029999853112,
        1.448104994778987,
        1.4160279970383272,
        1.4273580018198118,
        1.4172270020935684,
        1.4247829967644066,
        1.6781960002845153,
        1.434211000741925,
        2.0750510011566803
      ],
      "compute_ms": [
        158.8034099986544,
        84.22196099854773,
        81.5716120050638,
        80.79679499496706,
        85.89619600388687,
        82.65484000003198,
        78.99340099538676,
        81.83735700004036,
        81.6636239978834,
        80.44236800196813,
        85.80565799638862,
        85.02418299758574
      ],
      "final_loss": 6.924261093139648
    }
  ]
}
