{
  "mode": "baseline",
  "world_size": 2,
  "batch_size": 256,
  "global_batch_size": 512,
  "slowest_rank": 1,
  "slowest_step_ms": 61.959514399495674,
  "global_throughput_samples_per_s": 8263.460502591794,
  "average_rank_skew_ms": 1.9876362981449347,
  "per_rank_step_ms": {
    "0": 61.461997700098436,
    "1": 61.959514399495674
  },
  "per_rank_data_ms": {
    "0": 0.9909451997373253,
    "1": 1.0957779988530092
  },
  "per_rank_compute_ms": {
    "0": 60.47089300045627,
    "1": 60.86354609942646
  },
  "rank_summaries": [
    {
      "rank": 0,
      "world_size": 2,
      "mode": "baseline",
      "batch_size": 256,
      "sleep_ms": 20.0,
      "comm_mb": 64,
      "barrier_every": 1,
      "barrier_sleep_ms": 15.0,
      "step_times_ms": [
        157.38062300079037,
        69.09657700452954,
        60.369657003320754,
        60.74158699630061,
        57.65349400462583,
        66.05453500378644,
        60.35657200118294,
        62.61710900434991,
        65.45822699990822,
        61.65577099454822,
        59.696359996451065,
        60.01666499651037
      ],
      "data_wait_ms": [
        1.9984890022897162,
        2.186792000429705,
        0.8889620003174059,
        0.9660409996286035,
        0.9107969963224605,
        1.2267900019651279,
        1.5467760022147559,
        0.8323329966515303,
        0.8274710053228773,
        1.0204259961028583,
        0.887961003172677,
        0.8018949956749566
      ],
      "compute_ms": [
        155.38170500076376,
        66.9096530036768,
        59.48056300258031,
        59.77538099978119,
        56.742543005384505,
        64.82760200015036,
        58.809652997297235,
        61.78461100353161,
        64.63060199894244,
        60.6350919988472,
        58.808255998883396,
        59.214626999164466
      ],
      "final_loss": 6.9273786544799805
    },
    {
      "rank": 1,
      "world_size": 2,
      "mode": "baseline",
      "batch_size": 256,
      "sleep_ms": 20.0,
      "comm_mb": 64,
      "barrier_every": 1,
      "barrier_sleep_ms": 15.0,
      "step_times_ms": [
        158.4446630004095,
        62.28563000331633,
        66.04954499925952,
        60.72452999796951,
        61.973868003406096,
        61.60232899856055,
        58.849603999988176,
        64.17585599410813,
        66.22973900084617,
        60.90633600251749,
        59.79160399874672,
        59.29173299955437
      ],
      "data_wait_ms": [
        1.8515260017011315,
        2.3651489973417483,
        1.5042820014059544,
        1.0282470029778779,
        1.005794998491183,
        1.243576996785123,
        1.2041250010952353,
        1.3568569993367419,
        0.9980839968193322,
        0.8272729974123649,
        0.9387599930050783,
        0.8507800012012012
      ],
      "compute_ms": [
        156.59268599847564,
        59.92027200409211,
        64.54510899493471,
        59.69611799810082,
        60.967885998252314,
        60.35860900010448,
        57.64523700054269,
        62.81884499912849,
        65.2312370002619,
        60.07893100468209,
        58.852701004070695,
        58.440787994186394
      ],
      "final_loss": 6.91269063949585
    }
  ]
}
