{
  "mode": "baseline",
  "world_size": 1,
  "batch_size": 128,
  "global_batch_size": 128,
  "slowest_rank": 0,
  "slowest_step_ms": 30.021127899817657,
  "global_throughput_samples_per_s": 4263.6639245248825,
  "average_rank_skew_ms": 0.0,
  "per_rank_step_ms": {
    "0": 30.021127899817657
  },
  "per_rank_data_ms": {
    "0": 0.5583610989560839
  },
  "per_rank_compute_ms": {
    "0": 29.462690900982125
  },
  "rank_summaries": [
    {
      "rank": 0,
      "world_size": 1,
      "mode": "baseline",
      "batch_size": 128,
      "sleep_ms": 20.0,
      "comm_mb": 64,
      "barrier_every": 1,
      "barrier_sleep_ms": 15.0,
      "step_times_ms": [
        146.15888200205518,
        29.31392699974822,
        30.542403997969814,
        29.340756002056878,
        31.391600998176727,
        31.12379999947734,
        30.28421899944078,
        30.517015999066643,
        29.81277099752333,
        29.121059000317473,
        29.623697002534755,
        28.453956001612823
      ],
      "data_wait_ms": [
        1.241618003405165,
        0.7071170039125718,
        0.6013829988660291,
        0.5296509989420883,
        0.5017099974793382,
        0.4885969974566251,
        0.4768819999299012,
        0.6135599978733808,
        0.4906109970761463,
        0.880261002748739,
        0.4659810001612641,
        0.5349749990273267
      ],
      "compute_ms": [
        144.9167579994537,
        28.606688996660523,
        29.940954998892266,
        28.81102800165536,
        30.88982500048587,
        30.6351370018092,
        29.80725999805145,
        29.903368005761877,
        29.322082998987753,
        28.24072100338526,
        29.15763900091406,
        27.918892999878153
      ],
      "final_loss": 6.923140525817871
    }
  ]
}
