{
  "mode": "baseline",
  "world_size": 2,
  "batch_size": 128,
  "global_batch_size": 256,
  "slowest_rank": 1,
  "slowest_step_ms": 42.63799479958834,
  "global_throughput_samples_per_s": 6004.034692608753,
  "average_rank_skew_ms": 1.1804908004705794,
  "per_rank_step_ms": {
    "0": 42.24138720019255,
    "1": 42.63799479958834
  },
  "per_rank_data_ms": {
    "0": 0.6570779005414806,
    "1": 0.6288040021900088
  },
  "per_rank_compute_ms": {
    "0": 41.58413000041037,
    "1": 42.0090147992596
  },
  "rank_summaries": [
    {
      "rank": 0,
      "world_size": 2,
      "mode": "baseline",
      "batch_size": 128,
      "sleep_ms": 20.0,
      "comm_mb": 64,
      "barrier_every": 1,
      "barrier_sleep_ms": 15.0,
      "step_times_ms": [
        150.4653829979361,
        47.94917000253918,
        41.42797899839934,
        40.58422899834113,
        44.8277110044728,
        41.33702300168807,
        42.59419500158401,
        37.80667499813717,
        43.20240399829345,
        42.391455004690215,
        45.15295699820854,
        43.08924399811076
      ],
      "data_wait_ms": [
        0.9586590022081509,
        1.0395989957032725,
        0.5969339981675148,
        0.4701389989349991,
        0.7185459980973974,
        0.504712006659247,
        0.6732590045430698,
        0.5851140012964606,
        0.628882997261826,
        0.782153001637198,
        0.8898529995349236,
        0.7211859992821701
      ],
      "compute_ms": [
        149.50586600025417,
        46.90899900015211,
        40.830901998560876,
        40.113946997735184,
        44.10896700574085,
        40.832189995853696,
        41.920650000975,
        37.221418002445716,
        42.57337799936067,
        41.60904900345486,
        44.26289499679115,
        42.367904003185686
      ],
      "final_loss": 6.932113170623779
    },
    {
      "rank": 1,
      "world_size": 2,
      "mode": "baseline",
      "batch_size": 128,
      "sleep_ms": 20.0,
      "comm_mb": 64,
      "barrier_every": 1,
      "barrier_sleep_ms": 15.0,
      "step_times_ms": [
        153.29422200011322,
        41.09373100072844,
        45.364204997895285,
        43.337124996469356,
        42.14920999947935,
        41.714398001204245,
        42.14529899763875,
        38.33066100196447,
        42.65257500082953,
        42.20476600312395,
        45.44796599657275,
        43.033743000705726
      ],
      "data_wait_ms": [
        1.120517001254484,
        0.9919019939843565,
        0.6969960013520904,
        0.5109390040161088,
        0.48001700633903965,
        0.5170880031073466,
        0.7504800014430657,
        0.5581079967669211,
        0.6574500002898276,
        0.7490940042771399,
        0.6548990058945492,
        0.7129689984139986
      ],
      "compute_ms": [
        152.17277000192553,
        40.10158700111788,
        44.667032998404466,
        42.82605399930617,
        41.66904999874532,
        41.19714500120608,
        41.39463199680904,
        37.772421004774515,
        41.99493800115306,
        41.45548499946017,
        44.79292399628321,
        42.320465996454004
      ],
      "final_loss": 6.932928562164307
    }
  ]
}
