{
  "mode": "baseline",
  "world_size": 4,
  "batch_size": 128,
  "global_batch_size": 512,
  "slowest_rank": 0,
  "slowest_step_ms": 70.24137309999787,
  "global_throughput_samples_per_s": 7289.151356296814,
  "average_rank_skew_ms": 11.925304302712902,
  "per_rank_step_ms": {
    "0": 70.24137309999787,
    "1": 70.14731960152858,
    "2": 70.1682452003297,
    "3": 69.96717600195552
  },
  "per_rank_data_ms": {
    "0": 0.7848999004636426,
    "1": 0.9175306986435317,
    "2": 0.7552756011136808,
    "3": 0.8735602998058312
  },
  "per_rank_compute_ms": {
    "0": 69.45624109939672,
    "1": 69.22951280139387,
    "2": 69.41276939905947,
    "3": 69.09336270109634
  },
  "rank_summaries": [
    {
      "rank": 0,
      "world_size": 4,
      "mode": "baseline",
      "batch_size": 128,
      "sleep_ms": 20.0,
      "comm_mb": 64,
      "barrier_every": 1,
      "barrier_sleep_ms": 15.0,
      "step_times_ms": [
        220.5121639999561,
        74.20420599373756,
        55.87175999971805,
        82.37103700230364,
        71.65642800100613,
        70.21130399516551,
        58.53152200143086,
        86.04714800458169,
        70.07389899808913,
        68.6705179978162,
        72.84203000017442,
        66.13808499969309
      ],
      "data_wait_ms": [
        1.2917030035168864,
        1.2433230003807694,
        0.6597610044991598,
        0.8124339947244152,
        0.6731819958076812,
        0.6080270031816326,
        0.6995160001679324,
        1.6477470053359866,
        0.5691409969585948,
        0.7267310065799393,
        0.9686799967312254,
        0.48378000064985827
      ],
      "compute_ms": [
        219.21949300303822,
        72.960299999977,
        55.211866994795855,
        81.55837200320093,
        70.98308100103168,
        69.60283699299907,
        57.83187400083989,
        84.39914799964754,
        69.50461499945959,
        67.94363299559336,
        71.87316300405655,
        65.65382100234274
      ],
      "final_loss": 6.409460544586182
    },
    {
      "rank": 1,
      "world_size": 4,
      "mode": "baseline",
      "batch_size": 128,
      "sleep_ms": 20.0,
      "comm_mb": 64,
      "barrier_every": 1,
      "barrier_sleep_ms": 15.0,
      "step_times_ms": [
        223.78008499799762,
        69.67148999683559,
        68.9287740024156,
        65.11379199946532,
        75.71824700426077,
        66.96646600175882,
        69.06228899606504,
        77.36126399686327,
        71.4636730044731,
        71.18765800260007,
        70.00557100400329,
        65.66546200338053
      ],
      "data_wait_ms": [
        1.2873359955847263,
        0.7467949981219135,
        0.625253000180237,
        0.7254869997268543,
        0.9770409960765392,
        0.6694529947708361,
        2.1530980011448264,
        0.9251529991161078,
        1.037311005347874,
        0.8249739985330962,
        0.6438869968405925,
        0.5936499946983531
      ],
      "compute_ms": [
        222.49223200196866,
        68.92450799932703,
        68.30307000200264,
        64.38808500388404,
        74.740832002135,
        66.29670500115026,
        66.90881699614692,
        76.43584699690109,
        70.42612000077497,
        70.3624640009366,
        69.36153000424383,
        65.07165800576331
      ],
      "final_loss": 6.429264545440674
    },
    {
      "rank": 2,
      "world_size": 4,
      "mode": "baseline",
      "batch_size": 128,
      "sleep_ms": 20.0,
      "comm_mb": 64,
      "barrier_every": 1,
      "barrier_sleep_ms": 15.0,
      "step_times_ms": [
        220.9592149956734,
        72.99529100419022,
        73.48951400490478,
        66.09618699440034,
        69.5714899993618,
        72.45432999479817,
        67.73471899941796,
        76.83745399845066,
        67.70942299772287,
        73.98316700709984,
        64.37555300362874,
        69.43061500351178
      ],
      "data_wait_ms": [
        1.5862449945416301,
        1.1376330003258772,
        0.9050220032804646,
        0.6120530015323311,
        0.5801970037282445,
        0.7991340025910176,
        0.883813998370897,
        0.7044660014798865,
        0.6144619983388111,
        0.9408879996044561,
        0.5560619974858128,
        0.9566580047248863
      ],
      "compute_ms": [
        219.3715510002221,
        71.85729499906301,
        72.58427199849393,
        65.48381499305833,
        68.99115000123857,
        71.65501999406843,
        66.8506959991646,
        76.13273499737261,
        67.0947629987495,
        73.04213600582443,
        63.81932600197615,
        68.47378100064816
      ],
      "final_loss": 6.458059787750244
    },
    {
      "rank": 3,
      "world_size": 4,
      "mode": "baseline",
      "batch_size": 128,
      "sleep_ms": 20.0,
      "comm_mb": 64,
      "barrier_every": 1,
      "barrier_sleep_ms": 15.0,
      "step_times_ms": [
        223.8257099961629,
        70.65050300298026,
        66.75109200295992,
        69.86771999800112,
        57.27200700493995,
        82.53042400610866,
        71.42384700273396,
        75.80368000344606,
        67.37511300161714,
        73.33123900025385,
        62.33118099771673,
        72.98545700177783
      ],
      "data_wait_ms": [
        1.175386001705192,
        0.7437370004481636,
        0.4864090005867183,
        0.9263730025850236,
        0.5908230014028959,
        0.9556229997542687,
        1.079034998838324,
        0.6561859991052188,
        0.8462810001219623,
        0.8988069967017509,
        0.7867039967095479,
        1.509362002252601
      ],
      "compute_ms": [
        222.6496639996185,
        69.90656800189754,
        66.26451800548239,
        68.94109399581794,
        56.6809860029025,
        81.5745700019761,
        70.34465800097678,
        75.14734000142198,
        66.5286119983648,
        72.43215700145811,
        61.54429000162054,
        71.47540200094227
      ],
      "final_loss": 6.432675838470459
    }
  ]
}
